threshold,margin,lower_bound,upper_bound,total_cases,flagged_cases,flagged_pct,accepted_cases,accepted_pct,actual_dr_count_in_flagged,actual_dr_pct_in_flagged,overall_dr_pct,dr_enrichment_ratio,flagged_error_rate,accepted_error_rate,false_negatives_flagged,false_negatives_total,false_negatives_capture_pct,false_positives_flagged,false_positives_total,false_positives_capture_pct
0.85,0.03,0.82,0.88,2437,30,0.012310217480508822,2407,0.9876897825194911,5,0.16666666666666666,0.0644234714813295,2.5870488322717624,0.43333333333333335,0.030328209389281262,2,32,0.0625,11,54,0.2037037037037037
0.85,0.05,0.7999999999999999,0.9,2437,51,0.020927369716865,2386,0.979072630283135,14,0.27450980392156865,0.0644234714813295,4.261021606094668,0.4117647058823529,0.027242246437552388,7,32,0.21875,14,54,0.25925925925925924
0.85,0.07,0.78,0.9199999999999999,2437,73,0.029954862535904802,2364,0.9700451374640952,20,0.273972602739726,0.0644234714813295,4.2526830119535814,0.4246575342465753,0.023265651438240272,7,32,0.21875,24,54,0.4444444444444444
0.85,0.1,0.75,0.95,2437,109,0.044727123512515385,2328,0.9552728764874846,34,0.3119266055045872,0.0644234714813295,4.841816163150821,0.3853211009174312,0.018900343642611683,9,32,0.28125,33,54,0.6111111111111112
0.85,0.15,0.7,1.0,2437,253,0.10381616741895773,2184,0.8961838325810423,134,0.5296442687747036,0.0644234714813295,8.22129352231817,0.2490118577075099,0.010531135531135532,9,32,0.28125,54,54,1.0
0.85,0.2,0.6499999999999999,1.05,2437,285,0.11694706606483381,2152,0.8830529339351662,137,0.4807017543859649,0.0644234714813295,7.461593474131188,0.23157894736842105,0.00929368029739777,12,32,0.375,54,54,1.0
0.85,0.25,0.6,1.1,2437,308,0.12638489946655723,2129,0.8736151005334427,138,0.44805194805194803,0.0644234714813295,6.954793614029283,0.21753246753246752,0.008924377642085486,13,32,0.40625,54,54,1.0
